DataHora,Manchete,Direção
2024-12-19 09:47:00,EMPRESAS: Braskem assina aditivo a acordo de leniência com a CGU/AGU,Diminuição
2024-12-12 15:48:00,MERCADOS: Ouro devolve ganhos recentes com PPI acima do esperado impulsionando juros dos Treasuries,Diminuição
2024-12-03 14:43:00,"Tesouro: Governo Central registra superávit de R$ 40,811 bi em outubro; no ano, déficit é de R$ 64,376 bi",Aumento
2024-12-17 10:06:00,"MERCADOS: dolar sobe e puxa juros com fiscal, enquanto exterior espera o Fed e favorece consolidação adicional da moeda",Diminuição
2024-12-30 16:49:00,"Petróleo/fechamento: Brent para fevereiro avança 0,27%, a US$ 73,99 por barril, na ICE",Aumento
2024-12-02 11:00:00,"AOVIVO/Galípolo diz que o Brasil tem uma posição robusta diante dos desafios externos, com reservas e câmbio flutuante",Aumento
2024-12-05 11:31:00,"NY/Abertura: Dow Jones -0,04% (44.994,69); S&P 0,01% (6.087,23) e Nasdaq 0,09% (19.753,10)",Diminuição
2024-12-27 13:02:00,"No acumulado do ano, fluxo segue negativo em R$ 31,681 bilhões",Aumento
2024-12-12 11:00:00,"Exportações devem apoiar recuperação, se tensão comercial não aumentar",Diminuição
2024-12-04 15:21:00,Governo vai trocar presidente de conselho da Petrobras e aumenta poder do PT na empresa; Bruno Moretti assumirá cargo,Aumento
2024-11-26 10:00:00,Reação ao IPCA-15,Aumento
2024-12-09 13:54:00,"Bradesco BBI reforça recomendação de compra para Ecorodovias, com preço-alvo a R$15",Diminuição
2024-12-30 10:14:00,Acompanhe a movimentação das principais ações do Ibovespa:,Aumento
2024-12-10 14:36:00,"Fazenda/Durigan: Inflação geral está abaixo que mercado esperava, mas com subidas que nos preocupam",Aumento
2024-11-26 10:20:00,Reação ao IPCA-15,Aumento
2024-11-28 10:28:00,Maiores baixas do Ibovespa:,Aumento
2024-12-03 15:10:00,Receitas administradas registram crescimento vigoroso no mês e no ano,Diminuição
2024-12-12 17:04:00,MERCADOS: Petróleo passa por leve correção com investidor avaliando dados da AIE,Diminuição
2024-12-18 16:13:00,"indice DXY sobe 0,70%, a 107,699",Diminuição
2024-12-11 15:54:00,"Empresa usou evento para investidores para mostrar oportunidades para reduzir sua alavancagem, diz o banco",Diminuição
2024-12-23 14:41:00,EMPRESAS: Suzano amplia ganhos com notícia sobre aumento do preço da celulose,Aumento
2024-12-18 15:55:00,"indice DXY sobe 0,06% (107,015 pontos); Euro a US$ 1,0487 (-0,06%); libra a US$ 1,2715 (0,02%)",Aumento
2024-12-04 16:03:00,Fed/Powell: Inflação está em queda; estamos a caminho de levar taxa d juros para nível neutro,Diminuição
2024-11-29 11:37:00,"Lira vai ao X (Twitter) e diz que medidas de corte de gastos contarão com esforço, celeridade e boa vontade da Câmara",Diminuição
2024-12-10 09:23:00,"Kalil Filho: Se tudo correr bem, Lula deve retornar à Brasília na semana que vem",Aumento
2024-11-27 16:57:00,"Pacheco e líderes do Senado receberão Haddad amanhã, às 9h45, para apresentação de pacote, informa assessoria",Diminuição
2024-12-04 09:03:00,Juros futuros abrem em queda; DI Jan/26 tem viés de alta,Aumento
2024-12-10 12:24:00,"Senador Eduardo Braga (MDB-AM), relator da reforma tributária, inicia leitura de parecer na CCJ",Diminuição
2024-12-10 16:54:00,"Empresa passou mensagem positiva aos investidores durante evento ontem, mas enfrenta cenário operacional desafiador, diz o banco",Diminuição
2024-11-29 14:44:00,Déficit do setor público em 12 meses está completamente concentrado no governo central,Aumento
2024-12-10 09:34:00,"VAI FICAR NORMAL. Os médicos de Lula insistiram na coletiva realizada hoje no Hospital Sírio Libanês que não haverá qualquer sequela em razão do sangramento que teve que ser drenado durante uma cirurgia chamada de trepanação. No início havia a informação de que Lula tinha sido submetido a uma craniotomia, que é a retirada de um pedaço de osso do crânio para acesso ao hematoma. Não foi o que ocorreu. Os médicos fizeram uma pequena perfuração para poder colocar um dreno que ficará por 48 horas. Os médicos falaram mais de uma vez que não houve qualquer dano cerebral. O sangramento ocorreu de forma peridural, ou seja, entre o crânio e o cérebro. Lula ficará em UTI por 48 horas e, segundo o médico Kalil Filho, ele deverá retornar à Brasília na semana que vem. O médico do presidente disse que ele está consciente, lúcido, falando e comendo normalmente.",Diminuição
2024-12-27 13:05:00,Busca de sócio para a CSN Cimentos deve anteceder IPO e não deve sair no curto prazo,Aumento
2024-12-09 13:44:00,Gestão/Dweck: Mapeamos cerca de 15 estatais que podem trabalhar com os novos decretos,Diminuição
2024-12-16 17:47:00,Ativos domésticos acentuam perdas na reta final da sessão,Aumento
2024-12-02 16:50:00,"WTI para janeiro tem alta de 0,15%, a US$ 68,10 por barril, na Nymex",Diminuição
2024-12-20 10:55:00,EUA/PCE: Indicador de inflação preferido do Fed esfria para o ritmo mais lento desde maio,Aumento
2024-12-26 14:34:00,"DPMFi sobe 1,71% para R$ 6,863 trilhões",Aumento
2024-12-04 12:10:00,"EUA/Treasuries: rendimentos mais curtos passam a cair, com o da Note de 2 anos a 4,16%, de 4,17% e o da Note de 5 a 4,11%",Diminuição
2024-12-05 15:28:00,"França: Macron fará discurso à nação, após voto de desconfiança e renúncia de Barnier",Aumento
2024-12-17 12:36:00,"Juros futuros disparam: Jan/26 15,260%, de 15,009%; Jan/27 15,755%, de 15,408%; Jan/29 a 15,520%, de 15,117%; Jan/31 a 15,180%, de 14,801%",Aumento
2024-11-26 10:33:00,"Preços industriais subjacentes seguiram em nível mais elevado do que o observado no primeiro semestre, em função do câmbio mais depreciado",Diminuição
2024-12-12 12:35:00,"dolar vira e sobe a R$ 5,,9786 (0,38%); dolar futuro a R$ 5,9885 (0,39%)",Aumento
2024-12-09 10:10:00,"Ibovespa encerra os leilões em alta de 0,68%, aos 126.797,89 pontos",Aumento
2024-12-11 12:36:00,"Tendência de resultados deve continuar robusta, com um 4TRI forte, apoiado pelo cenário competitivo favorável",Aumento
2024-12-19 12:09:00,Sempre olhamos demanda e fluxos e escolhemos melhor instrumento,Aumento
2024-12-04 10:15:00,EUA/ADP: relatório de empregos no setor privado de novembro aponta 146 mil vagas; consenso 150 mil,Diminuição
2024-12-19 11:33:00,Sempre disse que faria uma transição mais suave possível,Aumento
2024-11-25 16:52:00,"Ministério do Planejamento remarca entrevista coletiva sobre relatório bimestral de receitas e despesas para hoje, às 18h",Aumento
2024-12-20 13:06:00,"Além disso, agência rebaixou as notas seniores com garantia da Azul Secured Finance LLP de ""CC"" para ""C""; mantendo rating de recuperação ""RR4"", e afirmou o rating ""C/RR6"" das notas sem garantia da Azul Investments LLP",Aumento
2024-12-11 10:23:00,"Bradesco BBI reforça recomendação de venda para Gol, com preço-alvo a R$ 0,90",Aumento
2024-12-02 09:47:00,"Juros futuros passam a cair: Jan/26 a 13,890%, de 13,960%; Jan/27 a 14,015%, de 14,054%; Jan/29 a 13,795%, de 13,804%; Jan/31 a 13,610%, de 13,635%",Aumento
2024-11-26 12:02:00,"EUA: Vendas de moradias novas em outubro caem 17,3%, a 620 mil, ante previsão de -1,8%",Diminuição
2024-12-18 16:54:00,Fed/Powell: Corte de dezembro foi uma decisão mais difícil,Diminuição
2024-12-03 16:57:00,"Governo avisa Congresso que pagará R$ 7,8 bilhões em emendas após decisão de Dino",Aumento
2024-11-22 17:15:00,Prazo do STF para que Eletrobras e União cheguem a um acordo termina em 17/12 (fontes do Broadcast),Diminuição
2024-12-10 12:53:00,"Destacamos a robustez do mercado de trabalho, que poderá acelerar a categoria de Serviços para perto de 5,3%",Aumento
2024-12-20 12:41:00,Disse que está feliz que as medidas de contenção de gastos forram aprovadas,Diminuição
2024-11-29 13:33:00,"Haddad: Não existe bala de prata em ajuste fiscal, nem ninguém vendendo milagres no governo",Aumento
2024-12-02 10:29:00,AOVIVO/Galípolo: Desancoragem já nos incomoda há bastante tempo,Aumento
2024-12-13 13:04:00,Empresa reforçou perspectivas positivas em evento para investidores,Aumento
2024-12-19 17:54:00,EMPRESAS: Brava Energia nega ter feito acordo com Petroreconcavo para vendas de ativos do Polo Potiguar,Aumento
2024-11-28 09:41:00,Educação já está dentro do arcabouço fiscal; esse foi o ajuste do consenso,Diminuição
2024-12-03 16:16:00,EMPRESAS: Ambev estende ganhos e se destaca entre as maiores altas,Diminuição
2024-11-29 13:07:00,Mercado tem errado crescimento do PIB e isso é normal,Aumento
2024-12-09 15:12:00,MERCADOS: Commodities sustentam Ibovespa após sinalização de estímulos na China; bolsas devolvem ganhos em NY,Aumento
2024-12-16 17:54:00,Relator do PL complementar do pacote fiscal diz que só deve apresentar parecer amanhã e alerta sobre resistências,Aumento
2024-12-30 16:10:00,Nova classificação prudencial de fundos de pensão começa a valer na 4aF,Diminuição
2024-12-04 10:05:00,"Morgan Stanley eleva recomendação de Suzano de neutra para overweight (equivalente a compra), com preço-alvo a R$ 83",Diminuição
2024-12-02 17:26:00,Fed/Waller: Dados como ISM são consistentes com produção manufatureira estável,Diminuição
2024-11-29 12:32:00,"Petróleo reverte perdas e está sendo negociado em alta, com o Brent/jan a US$ 73,37 (0,12%) e o WTI/jan a US$ 69,47 (1,09%), com o dolar em queda ante a maioria das moedas emergentes e o DXY em -0,06% (106,073)",Aumento
2024-12-02 17:46:00,"Ronnie Vaz Moreira deixou a presidência do Conselho de Administração da Intercement Participações, que tem a Intercement Brasil entre suas empresas",Diminuição
2024-12-16 16:39:00,Nível de juros é um grande limitante das projeções de primário e dívida,Aumento
2024-11-28 14:05:00,"MERCADOS: Bolsas europeias se recuperam de perdas recentes, de olho em inflação na Alemanha",Aumento
2024-12-23 10:41:00,Maiores altas do Ibovespa:,Aumento
2024-12-03 13:46:00,"Unidade emprega 800 pessoas e produz carnes temperadas, marinadas e moída",Diminuição
2024-12-19 15:10:00,"Na Comex, o contrato para março caiu 1,92%, a US$ 4,0770 por libra-peso",Diminuição
2024-12-16 12:31:00,EMPRESAS: Portugal compra 12 aeronaves A-29N Super Tucano da Embraer,Diminuição
2024-12-19 09:10:00,Reino Unido: BoE deixa taxas estáveis,Diminuição
2024-12-27 12:09:00,"Desemprego com ajuste cai a 6,4%, de 6,5% em novembro",Aumento
2024-12-16 15:05:00,"Exportações somam US$ 5,575 bi; importações atingem US$ 4,816 bi na 2a semana",Diminuição
2024-12-09 14:49:00,"Taxa Ptax fecha em R$ 6,0570, alta de 0,46%",Aumento
2024-12-27 13:52:00,"Bolsas em NY operam nas mínimas do dia: Dow Jones -1,11%; S&P500 -1,52%; Nasdaq -2,11%",Aumento
2024-12-27 09:05:00,"Ibovespa futuro cede a 122.445 pontos (-0,14%)",Diminuição
2024-11-27 16:02:00,"Natura sai de leilão com alta de 5,36%, a R$ 15,13",Diminuição
2024-12-18 16:15:00,"4 dirigentes veem juro entre 3,5% e 3,75% no fim de 2027",Diminuição
2024-12-13 13:04:00,"JPMorgan reitera recomendação de compra para Suzano, com preço-alvo a R$ 81,50",Aumento
2024-11-25 15:16:00,"Na Comex, o contrato para dezembro subiu 0,34%, a US$ 4,1000 por libra-peso",Diminuição
2024-12-04 09:25:00,"dolar ganha força a sobe a R$ 6,0674 (0,15%( e puxa juros às máximas",Diminuição
2024-11-26 09:58:00,"Custo da nova aeronave seria de US$ 250 milhões a US$ 350 milhões, mas o projeto não tem prazo para sair do papel",Aumento
2024-12-20 14:49:00,"EUA: Agências federais devem se preparar para paralisação, alerta Casa Branca",Aumento
2024-12-13 13:06:00,"T-Note de 2 anos a 4,2259%; T-Note de 10 anos a 4,3789%; T-Bond de 30 anos a 4,5969%",Diminuição
2024-12-09 13:26:00,Programa será coordenado pelo Ministério da Gestão,Diminuição
2024-12-16 16:13:00,Haddad está reunido com líderes do governo no Congresso (Valor),Aumento
2024-12-26 11:50:00,"EMPRESAS: Papéis da B3 avançam, após anúncio de pagamento de JCP",Diminuição
2024-12-18 16:44:00,"dolar à vista sobe 2,49%, a R$ 6,2477",Aumento
2024-12-05 11:34:00,"EMPRESAS: dolar em queda auxilia Azul, que opera em alta",Diminuição
2024-11-29 17:40:00,"Ibovespa na máxima de 125.664 pontos, alta de 0,85%",Diminuição
2024-11-27 14:31:00,Caged: Saldo líquido de emprego formal no Brasil é de 132.714 vagas em outubro,Diminuição
2024-11-27 10:10:00,Acompanhe a movimentação das principais ações do Ibovespa:,Diminuição
2024-12-04 10:49:00,"Tributária será votada na CCJ na próxima quarta-feira, diz Alcolumbre",Aumento
2024-12-11 14:58:00,Deputado Moses Rodrigues (União-CE) será relator da PEC do pacote fiscal,Diminuição
2024-12-30 17:32:00,"BB Investimentos corta preço-alvo da Natura de R$ 18,20 para R$ 17,30, mantendo recomendação neutra",Aumento
2024-11-27 12:19:00,EUA: Indicador de inflação preferido do Fed acelera e apoia abordagem cautelosa,Aumento
2024-12-04 11:27:00,AOVIVO/Haddad: Não concordo com as avaliações que estão sendo feitas das medidas,Aumento
2024-12-05 12:38:00,AO VIVO/Lula: Empresário tem de olhar o trabalhador como consumidor,Aumento
2024-12-19 11:42:00,AOVIVO/Campos Neto nega qualquer relação da atuação do BC com dominância fiscal,Aumento
2024-12-16 14:04:00,MERCADOS: Bolsas europeias recuam com crises políticas na Alemanha e França,Aumento
2024-12-30 11:54:00,EMPRESAS: Brava Energia lidera altas com retomada em Papa-Terra e rumores sobre FPSO,Aumento
2024-12-20 15:33:00,Mercado doméstico reage a declarações de Lula,Diminuição
2024-11-29 10:01:00,"Igor Cadilhac (PicPay): indice de 6,5% de desemprego reforça sequência de sinais positivos no mercado de trabalho brasileiro",Diminuição
2024-12-05 10:30:00,"EUA: Pedidos de auxílio-desemprego somam 224 mil, ante consenso de 215 mil",Aumento
2024-11-27 13:18:00,"Encontro ocorrerá pouco depois do presidente Lula receber os presidentes do Senado, Rodrigo Pacheco, e da Câmara, Arthur Lira, para explicar o pacote",Diminuição
2024-12-04 16:45:00,EMPRESAS: BRF se destaca entre os maiores ganhos com queda do milho e valorização do dolar,Diminuição
2024-12-11 16:54:00,"Boletim médico do Sírio Libanês afirma que Lula passa bem, sem intercorrências e permanece sob cuidados intensivos",Diminuição
2024-12-11 10:03:00,Entidades ligadas ao mercado financeiro pedem maior investimento na CVM,Diminuição
2024-12-10 10:54:00,Perspectiva é inflação em torno dos 5% até o fim do 1o semestre,Aumento
2024-12-13 14:22:00,"Itaú BBA tem recomendação neutra para Ambev, com preço-alvo de R$ 15",Aumento
2024-12-12 14:51:00,Juízes querem incluir criação de 2o teto específico para indenizações na PEC do pacote fiscal,Diminuição
2024-12-02 09:22:00,Europa: Bolsa de Paris (CAC) inverte o sinal e passa a subir após o premiê Michel Barnier fazer nova concessão para encerrar o impasse no orçamento,Diminuição
2024-12-18 16:16:00,"Vale acrescentar que no ""dot plot"" anterior, em setembro, a maioria dos membros do Fed previa mais 4 cortes de 25 pb em 2025. Isso antes de Trump vencer as eleições.",Diminuição
2024-12-11 15:03:00,"MERCADOS: dolar recua e juros seguem queimando gordura em dia de alta da Selic; Ibovespa devolve ganhos, na contramão de NY",Aumento
2024-12-17 11:07:00,Migração do regime de concessão de serviços de telefonia fixa para instrumento de autorização é importante para o setor,Aumento
2024-12-18 16:44:00,"Ibovespa renova mínima aos 121.559 pontos, queda de 2,52%",Aumento
2024-12-20 10:43:00,"Allos foi de R$ 28 para R$ 26, com recomendação neutra",Diminuição
2024-12-04 15:48:00,"Na LME, o contrato para três meses tinha baixa de 0,42% há pouco, para US$ 9.082 por tonelada",Aumento
2024-12-30 17:11:00,"MERCADOS: dolar recua no dia com nova intervenção do BC, mas acumula alta de 27,3% no ano",Aumento
2024-12-11 16:28:00,"Governo atrasa pagamento do Auxílio-Gás para 5,5 milhões de famílias em dezembro",Diminuição
2024-12-30 15:54:00,EUA: Mercado de renda fixa terá sessão mais curta no dia 9,Diminuição
2024-12-30 14:01:00,BC anuncia leilão de venda à vista de dolares,Aumento
2024-12-30 13:38:00,"Stoxx600 fecha em baixa de 0,47%, aos 504,82 pontos",Diminuição
2024-11-28 09:25:00,"Dos 3 milhões de beneficiários do BPC, 1 milhão não tem o código CID no sistema",Diminuição
2024-12-03 09:42:00,EMPRESAS: Vale atualizou projeções e estima produção de 328 milhões de toneladas de minério de ferro em 2025,Aumento
2024-12-02 10:23:00,"Temos vários recordes sendo batidos em atividade econômica, como desemprego",Diminuição
2024-12-06 13:03:00,"Novo auxílio-gás deverá custar R$ 3,5 bi em 2025 e será bancado por redução de despesas",Aumento
2024-12-16 10:15:00,"EMPRESAS: Americanas informa fim de período de bloqueio de 6,7% das ações emitidas em aumento de capital",Aumento
2024-12-03 15:17:00,"Erro exigiu ajuste de pequena monta, irrelevante",Aumento
2024-12-03 09:04:00,Veja o release completo do IBGE üëâ üèa https://tinyurl.com/yfjuv9tj,Diminuição
2024-12-05 10:05:00,"OPEP: Após confirmar reversão de corte de produção gradual entre abril e setembro de 2025, cartel marca reunião para 28 de maio",Diminuição
2024-12-13 11:38:00,Tesouro diz que continuará monitorando as condições de mercado e atuará de forma a assegurar o bom funcionamento do mercado de títulos e outros ativos,Diminuição
2024-12-17 17:08:00,"Em algumas distorções que permaneçam, qualquer projeto de lei complementar é bem-vindo",Diminuição
2024-12-18 09:05:00,Juros futuros abrem em queda,Aumento
2024-12-19 11:33:00,AOVIVO/Campos Neto: Sempre disse que não acreditava em recondução e que ficaria até o fim do mandato,Aumento
2024-11-22 10:16:00,"Segundo ele, crescente falta de mão de obra é uma sério impedimento para o crescimento do bloco",Diminuição
2024-12-02 10:43:00,Câmbio e juros nos patamares que estão começam a dar impacto e precisamos ver o que isto pode representar,Aumento
2024-12-04 11:30:00,"EMPRESAS: Prio opera em baixa, na contramão dos contratos de petróleo",Aumento
2024-12-16 15:06:00,"MERCADOS: Juros disparam e dolar caminha para novo recorde em meio à incerteza fiscal, mesmo após atuação do BC; Ibovespa patina",Diminuição
2024-12-18 13:47:00,"Congresso encerra sessão conjunta; nova votação prevista para amanhã, às 10h",Aumento
2024-12-03 16:09:00,Noman foi diretor-presidente da Anac e é o atual secretário de Aviação Civil do Ministério de Portos e Aeroportos,Aumento
2024-12-20 12:19:00,"Fortalecimento do dolar foi em todo o mundo e no Brasil, maior",Aumento
2024-11-25 17:29:00,Diretoria da rede de supermercados está assustada com dimensão que o caso tomou e quer evitar prejuízos com boicote no Brasil,Diminuição
2024-12-02 16:08:00,MERCADOS: Ouro recua com dolar forte em meio à crise política na França e ameaça de Trump contra o BRICS,Aumento
2024-12-11 16:43:00,Oferta de ações da Caixa Seguridade deve ficar para o 1o semestre de 2025 e deve usar balanço do 1TRI25 (fontes do Broadcast),Diminuição
2024-12-06 10:41:00,"BI: ""No geral, os dados não são fortes o suficiente para mudar as chances de uma mudança na taxa em dezembro pelo Fed",Diminuição
2024-11-25 12:36:00,Reação a Conta Corrente e IDP,Aumento
2024-12-06 14:55:00,"MERCADOS: Juros e dolar disparam, enquanto Ibovespa recua com mau humor local; Bolsas seguem mistas em NY após payroll",Aumento
2024-12-13 12:54:00,"NY: Bolsas viram e passam a cair, com Dow em -0,15%; S&P em -0,13% e Nasdaq -0,07%",Aumento
2024-12-04 11:48:00,"Os temas são espinhosos, mas não vejo nenhum posicionamento dogmático, está todo mundo aberto a ouvir",Aumento
2024-12-11 09:27:00,"Dados do IPCA mostram tendências ruins para cervejas e, no setor, ambiente é acirrado, avalia o Citi",Aumento
2024-11-29 16:59:00,Lula encaminhará indicações de novos diretores do BC ao Senado na próxima semana,Diminuição
2024-11-22 16:23:00,"Incerteza global com Trump torna corte de gastos decisivo para governo Lula, avalia TS Lombard",Diminuição
2024-11-28 13:14:00,Reação ao pacote,Diminuição
2024-12-27 13:58:00,MERCADOS: Bolsas europeias fecham em alta na volta do feriado prolongado,Diminuição
2024-12-04 10:36:00,Maiores baixas do Ibovespa:,Diminuição
2024-11-29 09:04:00,"dolar sobe a R$ 6,0115 (0,37%) e dolar futuro cai a R$ 6,0080 (-0,03%)",Aumento
2024-12-10 10:49:00,"Jefferies tem recomendação de compra para Azzas, com preço-alvo a R$ 60",Diminuição
2024-11-29 14:44:00,Existe uma tendência de redução do déficit do setor público consolidado,Aumento
2024-12-16 15:05:00,"Superávit em dezembro alcança US$ 1,565 bi; no ano, atinge US$ 71,422 bi",Diminuição
2024-12-20 10:10:00,EMPRESAS: Grupo Mateus anuncia acordo para compra do Novo Atacarejo,Aumento
2024-12-27 10:40:00,IPCA-15 reforça tendência de o Copom levar adiante o plano de subir a Selic em 1 ponto em cada uma das duas primeiras reuniões de 2025,Aumento
2024-12-30 10:35:00,"Ibovespa na máxima de 120.863,79 pontos (0,49%)",Diminuição
2024-12-06 10:33:00,"EUA/payroll: Criação de emprego em outubro é revisada de 12 mil para 36 mil; em setembro, de 223 mil a 255 mil",Aumento
2024-12-11 17:36:00,"MERCADOS: Petróleo sobe com tensões no Oriente Médio, queda de estoques nos EUA e possível aumento de sanções à Rússia",Aumento
2024-12-04 11:11:00,O que noto é que você vai discutir grandes projetos e é difícil que interesses menores e particulares não atravessem os que o Brasil precisa,Aumento
2024-11-27 15:25:00,Governo deve incluir taxação de super-ricos em pacote de medidas de ajuste de contas (Folha),Aumento
2024-11-29 11:56:00,"Ibovespa faz nova máxima, aos 125.017,04 pontos (0,33%))",Aumento
2024-12-13 16:17:00,Analistas dizem que intervenção do BC no câmbio foi para atender demanda pontual em dia de baixa liquidez,Diminuição
2024-11-26 10:02:00,Reação ao IPCA-15,Aumento
2024-11-29 09:35:00,"MERCADOS: Na contramão do exterior, dolar e juros disparam estressados com fiscal",Diminuição
2024-12-02 17:20:00,"Companhia diz ter registrado crescimento no e-commerce, no marketplace e nas lojas físicas, mas não relevou o comparativo",Aumento
2024-11-29 14:47:00,"EPE: Consumo de energia cresce 3,7% em outubro com temperatura mais elevada e maior demanda da indústria",Aumento
2024-11-25 11:31:00,"NY/Abertura: Dow Jones sobe 0,75% (44.627,75); S&P 0,58% (6.003,79) e Nasdaq 0,73% (19.142,01)",Aumento
2024-12-30 12:37:00,EMPRESAS: Brava recebe autorização da ANP para início de produção do FPSO Atlanta,Aumento
2024-12-03 16:52:00,"Petróleo/fechamento: Brent para fevereiro sobe 2,49%, a US$ 73,62 por barril, na ICE",Aumento
2024-12-03 09:33:00,Simone Tebet diz que crescimento do PIB acima das expectativas mostra país produzindo mais,Aumento
2024-12-06 11:50:00,EMPRESAS: Metálicas caem em bloco com recuo do minério de ferro,Aumento
2024-11-22 11:31:00,"NY/Abertura: Dow Jones 0,25% (43.982,19); S&P 0,10% (5.954,79) e Nasdaq -0,00% (18.971,90)",Aumento
2024-12-20 14:13:00,"EMPRESAS: Suzano avalia compra da americana Clearwater Paper, dizem fontes",Diminuição
2024-12-04 12:21:00,Quando cheguei aqui em 2011 a gente só votava MP,Diminuição
2024-12-19 10:22:00,Transação faz parte da reestruturação maior de capital e liquidez que aérea vem realizando e deve dar acesso a maiores recursos em 2025,Diminuição
2024-12-27 15:05:00,"Estoques de destilados caíram 1,694 milhão de barris; previsão 200 mil",Aumento
2024-12-06 11:52:00,"Continuamos enxergando economia saudável, mas cujo ritmo de contratação não dá conta do crescimento da força de trabalho",Aumento
2024-11-25 13:37:00,"indice Stoxx600 fecha em alta de 0,14%, aos 509,18 pontos",Aumento
2024-12-03 12:43:00,"Economia deve desacelerar no 4TRI, projetamos crescimento perto de 0,6%",Diminuição
2024-12-23 13:58:00,MERCADOS: Bolsas europeias fecham com oscilações modestas em meio a semana de baixa liquidez,Aumento
2024-12-11 15:32:00,"Na LME, o contrato para três meses tinha baixa de 0,58% há pouco, para US$ 9.180 por tonelada",Diminuição
2024-11-26 11:23:00,Associação Brasileira das Indústrias Exportadoras de Carne divulga nota após desculpas do Carrefour,Diminuição
2024-12-16 16:27:00,Tesouro prevê que orçamento para despesas discricionárias deve zerar em 2032,Diminuição
2024-12-09 09:04:00,"Ibovespa futuro sobe 0,42%, a 126.625 pontos",Diminuição
2024-12-23 16:45:00,"WTI para fevereiro registra queda de 0,31%, a US$ 69,24 por barril, na Nymex",Diminuição
2024-11-22 12:27:00,"Petrobras/Magda: ""A Petrobras vinha entregando menos capex do que seu seu guidance; desde agosto estamos entregando 100% dentro do guidance no desembolso do capex e na produção",Diminuição
2024-12-18 10:30:00,"EUA/Depto Comércio: Construção de moradias iniciadas em novembro caem 1,8% (consenso 2%",Aumento
2024-11-22 12:42:00,"Foram notificados Amil, Unimed Nacional, Bradesco Saúde, SulAmérica, Hapvida, Porto Seguro Saúde, Care Plus, Golden Cross, MedSênior, Qualicorp, Allcare, Omint, Prevent Senior e Assim Saúde",Diminuição
2024-12-19 11:11:00,BC/Guillen: Mercado doméstico mostrou dinamismo no 3oTri e as projeções de PIB foram revisadas,Diminuição
2024-12-10 10:49:00,Anúncio de encerramento de algumas marcas é movimento natural visando otimização de portfólio e melhoria dos retornos,Diminuição
2024-11-29 12:34:00,"dolar cai a R$ 5,9824 (-0,12%), em nova mínima",Diminuição
2024-11-28 15:44:00,"Tampouco decidiu os detalhes finais da reforma tributária do consumo, e agora se quer colocar mais uma reforma tributária sobre o imposto de renda",Aumento
2024-12-13 17:12:00,Tributária: GT da Câmara se reunirá domingo para analisar mudanças feitas pelo senado na regulamentação da reforma,Aumento
2024-12-13 10:14:00,"Bradesco BBI reitera recomendação de compra para Eletrobras e Copel, com preços-alvo a R$ 64 e R$ 12,50, respectivamente",Aumento
2024-12-04 10:28:00,"Segundo ele, a pobreza e a extrema pobreza registraram os menores índices da série histórica, iniciada em 2012",Diminuição
2024-12-17 16:01:00,"MERCADOS: Ouro cai pelo 4o dia seguido, com investidor à espera da decisão do Fed",Aumento
2024-12-27 12:55:00,"Saldo formal deve avançar à frente, mas a um ritmo mais moderado; criação líquida de vagas deve atingir 950 mil em 2025, de 1,77 milhão em 2024",Diminuição
2024-12-30 10:47:00,EMPRESAS: Oi ON sobe e PN cai alta após venda de ativos,Aumento
2024-12-20 10:12:00,"Se tiver que parar, que seja agora, e não no meu governo, disse ele",Aumento
2024-11-25 10:00:00,"Carrefour Brasil confirma que houve suspensão do fornecimento de carnes pela indústria, mas diz que não há desabastecimento em suas lojas",Diminuição
2024-12-11 16:56:00,Boletim médico diz que novo procedimento é parte da programação terapêutica e será realizado amanhã de manhã,Diminuição
2024-11-29 13:45:00,Galipolo encerra fala em evento da Febraban; ministra Simone Tebet inicia discurso,Aumento
2024-12-04 16:03:00,Podemos nos permitir ficar mais cautelosos à medida que buscamos nível neutro,Diminuição
2024-12-12 16:43:00,Senado aprova 1o projeto de regulamentação da reforma tributária por 49 votos a 19; senadores agora analisam destaques,Diminuição
2024-12-04 11:31:00,"NY/Abertura: Dow 0,50% (44.930,65); S&P 0,31% (6.068,90) e Nasdaq -0,56% (19.589,85)",Diminuição
2024-11-28 10:09:00,"Ibovespa encerra leilões em queda de 0,25% (127.349,56)",Diminuição
2024-11-22 17:02:00,"Na semana, moeda subiu 0,45%",Diminuição
2024-12-18 12:49:00,"BTG mantém recomendação de compra para Tenda, com preço-alvo a R$ 22",Aumento
2024-12-04 09:25:00,Mensagem apagada,Diminuição
2024-12-20 15:28:00,Lula: Estamos oferecendo um presente ao Brasil: esse jovem chamado Galípolo está assumindo o BC,Aumento
2024-12-12 15:27:00,MERCADOS: Juros disparam e dolar sobe no day after do Copom; apenas uma ação do Ibovespa registra alta,Aumento
2024-12-18 16:49:00,Fed/Powell: Vamos encarar os efeitos sobre a inflação de eventuais tarifas quando o momento chegar,Aumento
2024-12-10 09:07:00,"Santander reitera recomendação outperform (equivalente a compra) para Direcional, com preço-alvo a R$ 36,50",Aumento
2024-12-19 10:21:00,Acompanhe a movimentação das principais ações do Ibovespa:,Diminuição
2024-11-28 10:17:00,"dolar na máxima de 0,98% a R$ 5,9705 após coletiva de ministros sobre o pacote de cortes",Aumento
2024-11-27 10:24:00,"E se a França não quiser assinar, não importa; a UE quer e a presidente Van Der Leyen tem procuração",Diminuição
2024-11-27 15:59:00,Tesouro suspende negociações no Tesouro Direto devido à elevada volatilidade,Aumento
2024-12-13 09:03:00,"Juros futuros abrem mistos, em queda na ponta longa",Diminuição
2024-11-26 16:22:00,"EUA/Treasuries: Volátil após a Ata, T-Note de 2 anos vira e passa a cair para 4,2808%; T-Note de 10 anos sobe a 4,3155%",Diminuição
2024-12-11 16:37:00,Lula terá que passar por novo procedimento cirúrgico para evitar sangramentos (Folha),Aumento
2024-12-09 10:26:00,EMPRESAS: Mineração e siderurgia lideram altas com promessa de estímulos pela China,Aumento
2024-12-12 17:39:00,Me parece que Câmara está trabalhando parar votar tributária neste ano,Diminuição
2024-12-12 10:39:00,AOVIVO/Kalil diz que o procedimento de hoje não foi avisado antes porque era necessário esperar a evolução,Diminuição
2024-11-29 13:09:00,Neutralidade do IR é um acordo firmado com o Congresso; não vamos abrir mão dela,Diminuição
2024-12-20 09:03:00,"dolar cai 0,28%, a R$ 6,1063, e dolar futuro, -0,84%, a R$ 6,1115",Diminuição
2024-11-29 17:03:00,"dolar acumulou altas de 3,21% na semana e de 3,81% em novembro; no ano, moeda sobe 23,65%",Diminuição
2024-12-03 13:14:00,"G5 Partners/Luis Leal: Brasil cresce por 13 trimestres consecutivos, algo inédito; maior sequência foi de 12 trimestres, encerrada no 3TRI08",Diminuição
2024-12-18 15:55:00,"Juros dos Treasuries em baixa: T-Note de 2 anos a 4,2246%; T-Note de 10 anos a 4,2412%; T-bond de 30 anos a 4,5905%",Aumento
2024-11-21 17:14:00,Encontro ocorre na véspera da divulgação do relatório bimestral de receitas e despesas,Aumento
2024-12-11 17:45:00,"Pretendemos aproveitar para tirar o dreno durante esse procedimento, que poderia ser feito hoje ou amanhã, ou sexta",Diminuição
2024-12-03 14:46:00,Política monetária não tem trajetória predefinida; estamos no caminho de mover a política para um cenário mais neutro,Aumento
2024-12-09 12:17:00,STF: Dino rejeita pedido do governo de rever decisão sobre emendas,Aumento
2024-11-29 16:12:00,"Assumimos manutenção da bandeira verde até maio/25 e retorno em dezembro/25; previsão de IPCA de 4,84% em 2024 e 4,25% em 2025",Diminuição
2024-12-16 17:01:00,"dolar à vista fecha em alta de 1,03%, a R$ 6,0934, após oscilar entre R$ 6,0261 e R$ 6,0986; novos recordes de máxima intradia e fechamento",Aumento
2024-12-19 10:30:00,"EUA/Depto do Comércio: Leitura do PIB do 3TRI aponta alta a 3,1%, de 2,9% no consenso",Diminuição
2024-12-19 11:10:00,BC/Diogo Guillen diz que o ambiente externo segue desafiador em função especialmente dos EUA,Diminuição
2024-11-29 11:03:00,Reação à Pnad,Aumento
2024-11-29 13:50:00,Vamos mirar o centro da meta de déficit primário no ano que vem,Diminuição
2024-12-11 15:35:00,"JPMorgan reitera recomendação neutra para CPFL Energia, com preço-alvo de R$ 40",Aumento
2024-12-19 09:48:00,"Citi corta preço-alvo de Cyrela de R$ 29 para R$ 25, reiterando recomendação de compra",Diminuição
2024-12-16 09:15:00,EMPRESAS: Embraer abrirá em Portugal seu primeiro escritório europeu,Aumento
2024-12-12 10:27:00,BC está determinado a garantir que a inflação se estabilize de forma sustentável na sua meta de médio prazo de 2%,Diminuição
2024-12-20 13:28:00,"Senado aprova projeto que eleva arrecadação em R$ 16,8 bi em 2025; texto segue para sanção presidencial",Aumento
2024-12-05 13:34:00,França reitera que proposta de acordo da União Europeia com Mercosul é inaceitável,Aumento
2024-11-22 09:02:00,"dolar abre em alta de 0,17%, a R$ 5,8213 e dolar futuro, de 0,08%, a R$ 5,8265",Diminuição
2024-11-29 16:54:00,"WTI para janeiro cai 1,05%, a US$ 68,00 por barril, na Nymex",Aumento
2024-12-11 11:33:00,"EMPRESAS: Brava Energia tem queda de 22,7% na produção média diária em novembro",Aumento
2024-11-26 17:47:00,Hamas se recusa há meses a negociar acordo de cessar-fogo; faremos outro esforço para conseguir cessar-fogo em Gaza,Aumento
2024-12-20 10:48:00,"Fed/Williams: Política segue restritiva, não estamos no nível neutro de juros",Aumento
2024-12-04 16:17:00,Termina evento do NYT com Jerome Powell,Aumento
2024-12-20 10:32:00,"EUA: Gastos com consumo em outubro sobem 0,4%, ante consenso de 0,5%",Aumento
2024-11-28 11:09:00,"AOVIVO/Haddad: Os temas apresentados não têm novidades, são temas do dia a dia dos parlamentares",Aumento
2024-12-19 10:23:00,BC faz novo leilão de dolares de US$ 5 bi entre 10h35 e 10h40,Diminuição
2024-11-29 12:07:00,"Rodrigo Pacheco, em nota, diz que pacote fiscal deve ser visto como início de uma jornada de responsabilidade fiscal e reitera importância de apoio do Congresso às medidas. ""Em política fiscal, é preciso afastar o medi da impopularidade"". O presidente do Senado afirmou ainda que a isenção do Ir não é uma pauta para agora e que isso só poderia ocorrer se o País tiver condições fiscais",Diminuição
2024-12-04 16:12:00,"Fed/Powell: Trajetória da dívida dos EUA é ruim, insustentável; temos que endereçar a questão fiscal",Diminuição
2024-12-04 14:48:00,"França: Macron pretende anunciar novo premiê rapidamente, se Barnier cair (fontes da Reuters)",Aumento
2024-12-27 10:40:00,"Rafaela Vitória (Banco Inter): Leitura qualitativa não foi boa, apesar da desaceleração maior do que se previa, com inflação de serviços acelerando na ponta",Aumento
2024-12-17 10:22:00,"Fusão entre Arezzo e Grupo Soma traz grande desafio para integração de culturas, com portfólios de marcas fortes",Diminuição
2024-12-30 13:38:00,"Citi tem recomendação neutra para MRV, com preço-alvo a R$ 8",Diminuição
2024-12-04 09:36:00,MERCADOS: dolar e juros sobem com incerteza fiscal e exterior cauteloso,Diminuição
2024-12-12 13:20:00,EMPRESAS: Petrobras confirma assinatura de contratos para contrutação de 12 barcos PSV,Aumento
2024-12-05 10:22:00,EMPRESAS: Eletrobras fica entre as maiores altas após retomada de discussões com a União,Aumento
2024-11-22 14:36:00,Principais dirigentes de BCs europeus alertam que economia da região corre risco devido à paralisia política,Diminuição
2024-12-10 11:14:00,"Comitê também tem reafirmado o compromisso de cumprir a meta, diz o indicado para a diretoria de Regulação do BC",Diminuição
2024-11-28 15:02:00,"MERCADOS: Sem NY e frustrado com pacote, investidor bota pressão nos juros e no dolar, mas agora com menos força",Diminuição
2024-11-26 17:22:00,"Bolsas/NY: Dow Jones acelera alta e bate recorde intraday (44.856,49 pontos)",Diminuição
2024-12-09 12:13:00,"O da Note de 2 anos a 4,12% e o da Note de 10, a 4,19%",Aumento
2024-12-18 17:45:00,"Dow Jones -2,61%; S&P500 -2,89%; Nasdaq -3,67%",Diminuição
2024-12-18 11:29:00,"Com desvalorização do real, ASA sobe projeção para IPCA em 2024, a 4,9%; em 2025, 5,5%",Diminuição
2024-11-29 13:07:00,"Minha expectativa é a mesma de 2 anos atrás; se explicar direito, ancora-se expectativa",Aumento
2024-12-18 10:20:00,Acompanhe a movimentação das principais ações do Ibovespa:,Diminuição
2024-12-23 17:35:00,PDT vai ao STF pedir suspensão da última decisão do Copom,Diminuição
2024-12-20 12:41:00,"A retirada do tema não afetará a potência das medidas, já que o impacto econômico foi reduzido de R$ 71,9 bilhões em dois anos para R$ 70 bilhões",Diminuição
2024-12-12 11:07:00,"No geral, a inflação subjacente sugere que ela se estabilizará em torno da meta de 2%, mesmo que seja provável que flutue um pouco no curto prazo",Aumento
2024-12-13 15:18:00,"Na LME, o contrato para três meses tinha baixa de 0,14 há pouco, para US$ 9.059 por tonelada; na semana, contrato caía 0,57%",Aumento
2024-11-28 09:08:00,"Brasil/IBGE: IPP da Indústria extrativa sobe 7,84%e outubro, de queda de 5,89% em setembro",Diminuição
2024-12-04 15:06:00,"Após a sabatina, os nomes devem ser votados no mesmo dia pelo plenário da Casa; se aprovados, diretores assumirão cargos em 01/01/25",Aumento
2024-12-26 13:48:00,Padilha: Expectativa é concluir a votação do Orçamento de 2025 até março,Aumento
2024-12-18 10:43:00,"Bradesco BBI reitera recomendação neutra para Ambev, com preço-alvo a R$ 13",Aumento
2024-12-19 13:40:00,"Tendências operacionais devem continuar positivas nos próximos trimestres, com crescimento de receitas",Diminuição
2024-12-19 11:46:00,Entendemos que neste momento BC precisa atuar como estamos atuando; não tem como responder se haverá novas intervenções [no câmbio],Diminuição
2024-12-17 15:39:00,"Intervenção cambial em dezembro, de US$ 12,760 bi, é a maior em um mês desde a pandemia",Diminuição
2024-12-17 16:11:00,China planeja déficit orçamentário de 4% do PIB em 2025,Aumento
2024-11-22 16:26:00,Ministério do Planejamento adia entrevista coletiva sobre relatório bimestral de receitas e despesas para próxima semana,Diminuição
2024-12-05 11:03:00,"Acordo com credores da Avon traz desfecho mais favorável para movimentações estratégicas da companhia, diz banco",Diminuição
2024-12-19 11:24:00,"EMPRESAS: Automob lidera altas, após registra maior queda ontem",Diminuição
2024-12-18 16:38:00,Depois de cortar o juro em 1pp podemos ser mais cautelosos ao considerar novos ajustes em nossa taxa básica de juros,Diminuição
2024-11-25 13:30:00,"Ibovespa cai 0,15%, aos 128.931,74 pontos, na mínima do dia",Aumento
2024-12-16 09:22:00,Governo enfrenta crise desde a demissão do ministro das finanças em novembro,Diminuição
2024-12-13 09:09:00,"Moddy Äôs Local atribui nota de crédito nacional ""AA.br"" com perspectiva estável à JSL",Aumento
2024-11-26 12:47:00,"CEO produziu estrago de imagem, afirmou",Aumento
2024-11-22 16:38:00,EMPRESAS: Acionistas da Vamos Locação aprovam operação com Automob,Aumento
2024-12-04 15:42:00,"Presidente do Fed, Jerome Powell, participa de evento do NYT; acompanhe:",Aumento
2024-12-18 16:56:00,"NY em novas mínimas: Dow -0,98%; S&P 500 -1,15%, Nasdaq -1,39%",Aumento
2024-11-25 12:36:00,"Banco Inter/André Valério: ""reflete uma tendência de perda da força da balança comercial",Aumento
2024-12-12 15:55:00,Tributária: Braga apresenta novo parecer no plenário do Senado com mudanças no imposto seletivo,Diminuição
2024-12-16 14:30:00,"EMPRESAS: Vale busca recuperação e passa a subir, após queda da manhã",Aumento
2024-12-18 12:13:00,"Para Argentina, a previsão é de queda de 3,2% em 2024 e alta de 4,3% em 2025; México deverá ter alta de 1,4% este ano e 1,2% no ano que vem",Aumento
2024-12-06 14:19:00,Cenário exige ritmo mais lento de cortes nas taxas de juros,Aumento
2024-12-09 10:07:00,O Itamaraty está também orientando os brasileiros a deixarem a Síria após a deposição de Bashar al-Saad no fim de semana,Diminuição
2024-12-23 13:16:00,EMPRESAS: Brava confirma rescisão de contrato com a Petrobras,Diminuição
2024-11-22 16:29:00,"Ministério do Planejamento informa que relatório bimestral deve sair hoje, após 21h",Diminuição
2024-11-29 16:42:00,EMPRESAS: Brava Energia se destaca entre as maiores altas com autorização para FPSO Atlanta no foco,Diminuição
2024-12-13 14:39:00,Juros futuros renovam máximas a partir de jan/2029,Diminuição
2024-12-18 12:29:00,Haddad: Lula nunca interferiu no BC e está fazendo o mesmo agora,Diminuição
2024-12-04 11:18:00,"AOVIVO/Haddad: A reforma da renda que estamos propondo é neutra em termos fiscais, assim como a reforma do consumo,",Diminuição
2024-11-29 13:09:00,Haddad: Projeto da renda não será votado se não for neutro do ponto de vista fiscal,Diminuição
2024-12-10 15:57:00,Fazenda/Durigan: Ouvimos preocupações do BPC; há consenso para fazer ajustes e votar medidas,Diminuição
2024-11-28 09:05:00,Mas a isenção de IR ficará limitada a quem tem salário de R$ 20 mil,Diminuição
2024-11-22 16:07:00,"EMPRESAS: Petrobras mantém conversas com Inpasa para retornar à produção de etanol, dizem fontes",Diminuição
2024-12-06 10:30:00,Dados mais recentes não informavam participação relevante do Goldman na Brava,Diminuição
2024-12-19 13:31:00,Lira: Líderes estão reunidos; esperamos conseguir votar pacote hoje,Diminuição
2024-12-10 17:44:00,Senado aprova indicação de Nilton David à diretoria do BC por 50 votos a 3,Diminuição
2024-11-22 09:36:00,"Banco mantém previsão de alta do PIB em 3,0% para 2024 e eleva para 12% a taxa Selic no final de 2025",Diminuição
2024-12-05 17:20:00,"Brasil deve ser forçado a trabalhar com juros mais altos para recuperar confiança do investidor, avalia Itaú Asset",Diminuição
2024-12-16 16:47:00,"Ibovespa na mínima de 124.175 pontos, queda de 0,35%",Aumento
2024-12-02 17:32:00,Fed/Waller: Dados recentes indicam que progresso na inflação estagnou,Aumento
2024-12-02 09:23:00,EMPRESAS: JBS comunica criação do primeiro programa de notas comerciais,Diminuição
2024-12-10 17:47:00,Senado aprova indicação de Izabela Correa à diretoria do BC por 48 votos a 3,Aumento
2024-11-26 09:05:00,"Ibovespa futuro cai 0,5% aos 129.600 pontos",Diminuição
2024-12-13 10:24:00,"Bradesco BBI reforça recomendação de compra para CCR, com preço-alvo a R$ 18",Diminuição
2024-12-18 15:46:00,"Na Comex, o contrato para março subiu 0,25%, a US$ 4,1570 por libra-peso",Aumento
2024-12-09 10:13:00,Acompanhe a movimentação das principais ações do Ibovespa:,Aumento
2024-12-19 16:04:00,Lira abre discussão da PEC do pacote fiscal em 2o turno,Aumento
2024-11-22 10:15:00,Acompanhe a movimentação das principais ações do Ibovespa:,Aumento
2024-12-02 15:36:00,Israel/Netanyahu diz que Hezbollah violou cessar-fogo e promete resposta contra o grupo,Aumento
2024-12-02 17:35:00,Fed/Waller: â provável que maior parte da perda de empregos provocada por passagem de furacão seja revertida,Diminuição
2024-12-13 12:57:00,EMPRESAS: Petrobras cai na contramão do petróleo,Aumento
2024-11-22 09:36:00,"Santander Brasil eleva projeção de IPCA 2024 de 4,4% para 4,8%; para 2025, sobe para 4,3% (de 3,9%)",Diminuição
2024-12-06 11:10:00,"O acordo prevê tarifa zero pra exportação de frutas, café e outros produtos",Aumento
2024-12-30 13:38:00,"Europa/Fechamento: FTSE100 de Londres cai 0,35%; DAX de Frankfurt recua 0,38%; CAC40 de Paris perde 0,57%",Diminuição
2024-11-26 16:18:00,Riscos de alta da inflação mudaram pouco desde a reunião anterior,Aumento
2024-12-11 17:17:00,"Investidores estrangeiros aplicaram R$ 999,429 milhões em ações na B3 no dia 9/12, 2aF",Diminuição
2024-12-10 11:31:00,"NY/Abertura: Dow Jones -0,20% (44.314,67); S&P 0,10% (6.059,04); Nasdaq 0,31% (19.798,86)",Diminuição
2024-12-16 13:12:00,Reforma tributária: GT apresentará parecer a Lira e lideres às 15h; texto deve ser votado amanhã,Diminuição
2024-12-06 15:44:00,"Empresa está focada em reduzir a alavancagem, dado o atual cenário de alta nos juros, comenta o banco",Aumento
2024-12-09 13:46:00,Aérea avança em desenlace positivo de processo de negociação com credores e deve encerrar o processo até janeiro de 2025,Diminuição
2024-11-28 09:11:00,"AOVIVO/Haddad: Lula não dialoga apenas com o mercado, dialoga com o país inteiro",Aumento
2024-12-17 15:01:00,Lira: Vamos votar a tributária e o PLP 210 (pacote fiscal) hoje,Diminuição
2024-12-04 12:54:00,AO VIVO/Lira: Não legislar é legislar; Congresso deveria ter feito algo sobre redes sociais,Aumento
2024-11-26 17:33:00,"Convocação é avaliada diante do calendário apertado até o recesso parlamentar, previsto para começar em 23/12",Diminuição
2024-12-06 12:54:00,"Fed/Goolsbee: Inflação cai, mas se estabilizar em 3%, não atingiremos a meta de 2%",Diminuição
2024-12-17 11:27:00,"DXY é estável aos 106,863 pontos (0,00%)",Aumento
2024-12-02 10:26:00,Mensagem apagada,Diminuição
2024-12-19 14:43:00,EMPRESAS: Vale lidera entre as maiores baixas com pressão da forte queda do minério de ferro,Diminuição
2024-12-06 09:35:00,"Goldman Sachs reduz recomendação de Banco do Brasil de compra para neutro, com preço-alvo a R$ 26",Diminuição
2024-12-11 13:37:00,"Brent/fevereiro sobe 1,18% (US$ 73,04); WTI/Janeiro ganha 1,60% (US$ 69,69)",Diminuição
2024-12-19 09:02:00,Valores da operação não foram informados,Aumento
2024-11-28 10:40:00,"O reajuste continuará a ser pelo INPC e terá o limite do arcabouço, ou seja, até 2,5% acima da inflação",Aumento
2024-11-22 10:23:00,Maiores altas do Ibovespa:,Aumento
2024-12-18 17:10:00,Ibovespa perde pontualmente os 121 mil pontos na mínima do dia (120.947),Aumento
2024-12-13 09:03:00,"Ibovespa futuro é estável aos 126.240 pontos (-0,04%)",Diminuição
2024-12-12 10:53:00,Reação ao BCE,Aumento
2024-12-03 10:29:00,Maiores altas do Ibovespa:,Aumento
2024-12-13 16:47:00,"WTI para janeiro registra alta de 1,81%, a US$ 71,29 por barril, na Nymex",Aumento
2024-12-26 10:15:00,Acompanhe a movimentação das principais ações do Ibovespa:,Aumento
2024-12-04 12:41:00,AO VIVO/Lira: Devemos votar hoje o requerimento de urgência,Diminuição
2024-12-13 11:38:00,"Tesouro, em atuação conjunta com o Banco Central, informa que nos leilões dos dias 17 e 19 ofertará lotes de 50 mil títulos para cada um dos vencimentos de NTN-B, LFT, LTN, e NTN-F",Diminuição
2024-12-11 12:55:00,Reação ao CPI dos EUA,Diminuição
2024-12-12 10:38:00,"EUA/Treasuries: rendimentos perdem força após dados, como da Note de 2 anos caindo a 4,13%, de 4,14%; e o da Note de 10 estável em 4,27%",Aumento
2024-12-20 17:43:00,Lula sinaliza a ministros que quer pacificação com o mercado,Diminuição
2024-12-26 09:02:00,"Ibovespa futuro cai 0,06% (122.095)",Aumento
2024-12-09 10:44:00,EMPRESAS: Azul sobe após divulgar avanços em negociações com credores,Diminuição
2024-12-05 11:17:00,CNC: Endividamento dos brasileiros aumentou em novembro após quatro meses seguidos de queda,Aumento
2024-12-12 16:42:00,"WTI para janeiro registra baixa de 0,38%, a US$ 70,02 por barril, na Nymex",Diminuição
2024-12-02 09:23:00,O programa de notas se tornará uma outra fonte de captação de recursos de curto prazo para a empresa e suas subsidiárias,Diminuição
2024-11-28 09:02:00,Correção das injustiças tem que ser feita em todos os ângulos,Diminuição
2024-12-03 10:05:00,"Expansão da economia já está no radar do BC e não altera alta de 0,75 PP na reunião de dezembro",Diminuição
2024-11-25 12:43:00,"EMPRESAS: CVC avança 7,91%; analistas veem papel beneficiado por redução de juros após ser pressionado pelo ciclo da economia",Aumento
2024-12-19 14:17:00,"Acordo entre as duas empresas é vantajosa para ambas, já que otimiza a utilização dos ativos, diz o banco",Aumento
2024-12-05 10:21:00,"dolar cai abaixo dos R$ 6, a R$ 5,9987 (-0,81%) com andamento do pacote e sinalização do governo de que não deve rever contribuição acertada com militares",Aumento
2024-11-27 11:41:00,"MERCADOS; Bolsa cai, dolar e juros sobem de olho no fiscal",Diminuição
2024-12-04 15:06:00,Comissão de Assuntos econômicos (CAE) do Senado deve sabatinar os três indicados à diretoria do BC na próxima 3aF,Aumento
2024-11-22 12:45:00,Companhia vai se transformar na maior patrocinadora do futebol feminino do País e vamos investir R$ 250 milhões em projetos culturais até fim de 2025,Diminuição
2024-12-17 17:18:00,"EMPRESAS: Hapvida amplia perdas, afetada por estudo da ANS propondo mudanças em planos de saúde",Aumento
2024-12-03 15:20:00,"Reforçamos que governo entregará resultados fiscais prometidos para 2024, 2025 e 2026",Diminuição
2024-12-11 15:54:00,"Goldman Sachs tem recomendação neutra para Klabin, com preço-alvo de R$ 20",Diminuição
2024-12-02 09:04:00,"dolar abre a R$ 6,0134 (0,20%) e dolar futuro a R$ 6,0325 (0,52%)",Aumento
2024-11-27 12:04:00,"EUA/NAR: Vendas pendentes de imóveis em outubro sobem 2%, de -2,1% esperados",Diminuição
2024-12-04 15:00:00,EMPRESAS: Brava Energia reduz ritmo de ganhos depois de liderar ranking positivo,Aumento
2024-11-26 16:55:00,"Petróleo/fechamento: Brent para janeiro cai 0,22%, a US$ 72,32 por barril, na ICE",Aumento
2024-12-04 11:24:00,"O STF remediou o problema, deu uma chance de entendimento; mas o fato é que os Três Poderes estão procurando soluções",Aumento
2024-12-05 15:02:00,"Superávit comercial de US$ 7,03 bi em novembro ficou pouco abaixo da mediana de US$ 7,8 bi das expectativas do mercado",Aumento
2024-11-28 09:02:00,"Com essa fórmula de cálculo, a suposta renúncia atingirá algo como R$ 35 bilhões e não os R$ 70 bilhões estimados pelo mercado",Diminuição
2024-12-11 17:51:00,"Em derrota para governo, CCJ aprova proposta que prevê recontagem física dos votos em eleições",Diminuição
2024-12-05 13:54:00,"Aneel abrirá consulta sobre encargo da CDE, que deve aumentar em 2025 e afetar contas de energia",Aumento
