DataHora,Manchete,Direção
2024-12-13 13:06:00,"T-Note de 2 anos a 4,2259%; T-Note de 10 anos a 4,3789%; T-Bond de 30 anos a 4,5969%",Diminuição
2024-11-22 12:42:00,"Foram notificados Amil, Unimed Nacional, Bradesco Saúde, SulAmérica, Hapvida, Porto Seguro Saúde, Care Plus, Golden Cross, MedSênior, Qualicorp, Allcare, Omint, Prevent Senior e Assim Saúde",Diminuição
2024-12-26 11:50:00,"EMPRESAS: Papéis da B3 avançam, após anúncio de pagamento de JCP",Diminuição
2024-12-23 10:41:00,Maiores altas do Ibovespa:,Aumento
2024-12-16 09:15:00,EMPRESAS: Embraer abrirá em Portugal seu primeiro escritório europeu,Aumento
2024-12-10 12:53:00,"Destacamos a robustez do mercado de trabalho, que poderá acelerar a categoria de Serviços para perto de 5,3%",Aumento
2024-12-20 13:06:00,"Além disso, agência rebaixou as notas seniores com garantia da Azul Secured Finance LLP de ""CC"" para ""C""; mantendo rating de recuperação ""RR4"", e afirmou o rating ""C/RR6"" das notas sem garantia da Azul Investments LLP",Aumento
2024-12-05 11:03:00,"Acordo com credores da Avon traz desfecho mais favorável para movimentações estratégicas da companhia, diz banco",Diminuição
2024-12-06 14:55:00,"MERCADOS: Juros e dolar disparam, enquanto Ibovespa recua com mau humor local; Bolsas seguem mistas em NY após payroll",Aumento
2024-12-10 09:23:00,"Kalil Filho: Se tudo correr bem, Lula deve retornar à Brasília na semana que vem",Aumento
2024-12-27 13:52:00,"Bolsas em NY operam nas mínimas do dia: Dow Jones -1,11%; S&P500 -1,52%; Nasdaq -2,11%",Aumento
2024-12-02 10:29:00,AOVIVO/Galípolo: Desancoragem já nos incomoda há bastante tempo,Aumento
2024-12-20 12:41:00,Disse que está feliz que as medidas de contenção de gastos forram aprovadas,Diminuição
2024-12-03 14:43:00,"Tesouro: Governo Central registra superávit de R$ 40,811 bi em outubro; no ano, déficit é de R$ 64,376 bi",Aumento
2024-12-17 10:22:00,"Fusão entre Arezzo e Grupo Soma traz grande desafio para integração de culturas, com portfólios de marcas fortes",Diminuição
2024-12-09 12:13:00,"O da Note de 2 anos a 4,12% e o da Note de 10, a 4,19%",Aumento
2024-12-18 10:20:00,Acompanhe a movimentação das principais ações do Ibovespa:,Diminuição
2024-12-16 12:31:00,EMPRESAS: Portugal compra 12 aeronaves A-29N Super Tucano da Embraer,Diminuição
2024-11-26 17:47:00,Hamas se recusa há meses a negociar acordo de cessar-fogo; faremos outro esforço para conseguir cessar-fogo em Gaza,Aumento
2024-12-16 17:54:00,Relator do PL complementar do pacote fiscal diz que só deve apresentar parecer amanhã e alerta sobre resistências,Aumento
2024-12-02 17:35:00,Fed/Waller: √â provável que maior parte da perda de empregos provocada por passagem de furacão seja revertida,Diminuição
2024-11-29 09:35:00,"MERCADOS: Na contramão do exterior, dolar e juros disparam estressados com fiscal",Diminuição
2024-12-11 16:37:00,*++Lula terá que passar por novo procedimento cirúrgico para evitar sangramentos* (Folha),Aumento
2024-11-28 10:28:00,Maiores baixas do Ibovespa:,Aumento
2024-12-04 12:21:00,Quando cheguei aqui em 2011 a gente só votava MP,Diminuição
2024-12-18 15:55:00,"indice DXY sobe 0,06% (107,015 pontos); Euro a US$ 1,0487 (-0,06%); libra a US$ 1,2715 (+0,02%)",Aumento
2024-12-06 14:19:00,Cenário exige ritmo mais lento de cortes nas taxas de juros,Aumento
2024-12-19 15:10:00,"Na Comex, o contrato para março caiu 1,92%, a US$ 4,0770 por libra-peso",Diminuição
2024-11-26 10:00:00,Reação ao IPCA-15,Aumento
2024-12-27 12:55:00,"Saldo formal deve avançar à frente, mas a um ritmo mais moderado; criação líquida de vagas deve atingir 950 mil em 2025, de 1,77 milhão em 2024",Diminuição
2024-12-13 10:14:00,"Bradesco BBI reitera recomendação de compra para Eletrobras e Copel, com preços-alvo a R$ 64 e R$ 12,50, respectivamente",Aumento
2024-12-26 13:48:00,Padilha: Expectativa é concluir a votação do Orçamento de 2025 até março,Aumento
2024-12-13 11:38:00,"Tesouro, em atuação conjunta com o Banco Central, informa que nos leilões dos dias 17 e 19 ofertará lotes de 50 mil títulos para cada um dos vencimentos de NTN-B, LFT, LTN, e NTN-F",Diminuição
2024-12-04 16:17:00,_Termina evento do NYT com Jerome Powell_,Aumento
2024-12-11 13:37:00,"Brent/fevereiro sobe 1,18% (US$ 73,04); WTI/Janeiro ganha 1,60% (US$ 69,69)",Diminuição
2024-11-28 14:05:00,"MERCADOS: Bolsas europeias se recuperam de perdas recentes, de olho em inflação na Alemanha",Aumento
2024-11-22 16:29:00,"Ministério do Planejamento informa que relatório bimestral deve sair hoje, após 21h",Diminuição
2024-11-28 09:08:00,"Brasil/IBGE: IPP da Indústria extrativa sobe 7,84%e outubro, de queda de 5,89% em setembro",Diminuição
2024-12-20 10:48:00,"Fed/Williams: Política segue restritiva, não estamos no nível neutro de juros",Aumento
2024-11-27 12:19:00,EUA: Indicador de inflação preferido do Fed acelera e apoia abordagem cautelosa,Aumento
2024-11-22 10:15:00,Acompanhe a movimentação das principais ações do Ibovespa:,Aumento
2024-12-13 12:57:00,EMPRESAS: Petrobras cai na contramão do petróleo,Aumento
2024-12-19 11:42:00,AOVIVO/Campos Neto nega qualquer relação da atuação do BC com dominância fiscal,Aumento
2024-12-30 13:38:00,"Stoxx600 fecha em baixa de 0,47%, aos 504,82 pontos",Diminuição
2024-12-17 16:11:00,China planeja déficit orçamentário de 4% do PIB em 2025,Aumento
2024-12-16 14:04:00,MERCADOS: Bolsas europeias recuam com crises políticas na Alemanha e França,Aumento
2024-12-18 16:13:00,"indice DXY sobe 0,70%, a 107,699",Diminuição
2024-12-11 12:36:00,"Tendência de resultados deve continuar robusta, com um 4TRI forte, apoiado pelo cenário competitivo favorável",Aumento
2024-11-29 13:09:00,Haddad: Projeto da renda não será votado se não for neutro do ponto de vista fiscal,Diminuição
2024-12-06 15:44:00,"Empresa está focada em reduzir a alavancagem, dado o atual cenário de alta nos juros, comenta o banco",Aumento
2024-12-04 15:48:00,"Na LME, o contrato para três meses tinha baixa de 0,42% há pouco, para US$ 9.082 por tonelada",Aumento
2024-12-09 14:49:00,"Taxa Ptax fecha em R$ 6,0570, alta de 0,46%",Aumento
2024-12-18 16:44:00,"Ibovespa renova mínima aos 121.559 pontos, queda de 2,52%",Aumento
2024-12-13 17:12:00,Tributária: GT da Câmara se reunirá domingo para analisar mudanças feitas pelo senado na regulamentação da reforma,Aumento
2024-12-18 16:56:00,"NY em novas mínimas: Dow -0,98%; S&P 500 -1,15%, Nasdaq -1,39%",Aumento
2024-12-30 10:35:00,"Ibovespa na máxima de 120.863,79 pontos (+0,49%)",Diminuição
2024-12-02 16:08:00,MERCADOS: Ouro recua com dolar forte em meio à crise política na França e ameaça de Trump contra o BRICS,Aumento
2024-12-11 15:54:00,"Goldman Sachs tem recomendação neutra para Klabin, com preço-alvo de R$ 20",Diminuição
2024-12-18 09:05:00,Juros futuros abrem em queda,Aumento
2024-11-27 10:10:00,Acompanhe a movimentação das principais ações do Ibovespa:,Diminuição
2024-12-10 11:14:00,"Comitê também tem reafirmado o compromisso de cumprir a meta, diz o indicado para a diretoria de Regulação do BC",Diminuição
2024-12-19 10:30:00,"EUA/Deptº do Comércio: Leitura do PIB do 3TRI aponta alta a 3,1%, de +2,9% no consenso",Diminuição
2024-11-27 10:24:00,"E se a França não quiser assinar, não importa; a UE quer e a presidente Van Der Leyen tem procuração",Diminuição
2024-12-02 17:32:00,Fed/Waller: Dados recentes indicam que progresso na inflação estagnou,Aumento
2024-12-19 11:46:00,Entendemos que neste momento BC precisa atuar como estamos atuando; não tem como responder se haverá novas intervenções [no câmbio],Diminuição
2024-12-02 09:23:00,EMPRESAS: JBS comunica criação do primeiro programa de notas comerciais,Diminuição
2024-12-02 09:47:00,"Juros futuros passam a cair: Jan/26 a 13,890%, de 13,960%; Jan/27 a 14,015%, de 14,054%; Jan/29 a 13,795%, de 13,804%; Jan/31 a 13,610%, de 13,635%",Aumento
2024-12-13 11:38:00,Tesouro diz que continuará monitorando as condições de mercado e atuará de forma a assegurar o bom funcionamento do mercado de títulos e outros ativos,Diminuição
2024-12-10 10:49:00,Anúncio de encerramento de algumas marcas é movimento natural visando otimização de portfólio e melhoria dos retornos,Diminuição
2024-12-11 14:58:00,Deputado Moses Rodrigues (União-CE) será relator da PEC do pacote fiscal,Diminuição
2024-12-03 09:04:00,Veja o release completo do IBGE* üëâüèª https://tinyurl.com/yfjuv9tj*,Diminuição
2024-12-05 10:22:00,EMPRESAS: Eletrobras fica entre as maiores altas após retomada de discussões com a União,Aumento
2024-12-27 13:58:00,MERCADOS: Bolsas europeias fecham em alta na volta do feriado prolongado,Diminuição
2024-12-26 10:15:00,Acompanhe a movimentação das principais ações do Ibovespa:,Aumento
2024-11-25 15:16:00,"Na Comex, o contrato para dezembro subiu 0,34%, a US$ 4,1000 por libra-peso",Diminuição
2024-12-04 11:18:00,"AOVIVO/Haddad: A reforma da renda que estamos propondo é neutra em termos fiscais, assim como a reforma do consumo,",Diminuição
2024-12-10 12:24:00,"Senador Eduardo Braga (MDB-AM), relator da reforma tributária, inicia leitura de parecer na CCJ",Diminuição
2024-12-18 10:43:00,"Bradesco BBI reitera recomendação neutra para Ambev, com preço-alvo a R$ 13",Aumento
2024-11-29 13:50:00,Vamos mirar o centro da meta de déficit primário no ano que vem,Diminuição
2024-12-19 09:47:00,EMPRESAS: Braskem assina aditivo a acordo de leniência com a CGU/AGU,Diminuição
2024-12-20 12:41:00,"A retirada do tema não afetará a potência das medidas, já que o impacto econômico foi reduzido de R$ 71,9 bilhões em dois anos para R$ 70 bilhões",Diminuição
2024-12-13 09:03:00,"Juros futuros abrem mistos, em queda na ponta longa",Diminuição
2024-11-25 11:31:00,"NY/Abertura: Dow Jones sobe 0,75% (44.627,75); S&P +0,58% (6.003,79) e Nasdaq +0,73% (19.142,01)",Aumento
2024-12-03 14:46:00,Política monetária não tem trajetória predefinida; estamos no caminho de mover a política para um cenário mais neutro,Aumento
2024-12-19 16:04:00,Lira abre discussão da PEC do pacote fiscal em 2º turno,Aumento
2024-12-27 09:05:00,"Ibovespa futuro cede a 122.445 pontos (-0,14%)",Diminuição
2024-12-12 10:38:00,"EUA/Treasuries: rendimentos perdem força após dados, como  da Note de 2 anos caindo a 4,13%, de 4,14%; e o da Note de 10 estável em 4,27%",Aumento
2024-11-28 10:17:00,"dolar na máxima de +0,98% a R$ 5,9705 após coletiva de ministros sobre o pacote de cortes",Aumento
2024-11-29 14:47:00,"EPE: Consumo de energia cresce 3,7% em outubro com temperatura mais elevada e maior demanda da indústria",Aumento
2024-11-26 16:22:00,"EUA/Treasuries: Volátil após a Ata, T-Note de 2 anos vira e passa a cair para 4,2808%; T-Note de 10 anos sobe a 4,3155%",Diminuição
2024-12-16 13:12:00,Reforma tributária: GT apresentará parecer a Lira e lideres às 15h; texto deve ser votado amanhã,Diminuição
2024-12-12 10:39:00,AOVIVO/Kalil diz que o procedimento de hoje não foi avisado antes porque era necessário esperar a evolução,Diminuição
2024-12-18 12:29:00,Haddad: Lula nunca interferiu no BC e está fazendo o mesmo agora,Diminuição
2024-12-02 16:50:00,"WTI para janeiro tem alta de 0,15%, a US$ 68,10 por barril, na Nymex",Diminuição
2024-12-04 15:00:00,EMPRESAS: Brava Energia reduz ritmo de ganhos depois de liderar ranking positivo,Aumento
2024-12-17 10:06:00,"MERCADOS: dolar sobe e puxa juros com fiscal, enquanto exterior espera o Fed e favorece consolidação adicional da moeda",Diminuição
2024-12-04 16:12:00,"Fed/Powell: Trajetória da dívida dos EUA é ruim, insustentável; temos que endereçar a questão fiscal",Diminuição
2024-12-16 14:30:00,"EMPRESAS: Vale busca recuperação e passa a subir, após queda da manhã",Aumento
2024-11-22 09:02:00,"dolar abre em alta de 0,17%, a R$  5,8213 e dolar futuro, de +0,08%, a R$ 5,8265",Diminuição
2024-12-05 17:20:00,"Brasil deve ser forçado a trabalhar com juros mais altos para recuperar confiança do investidor, avalia Itaú Asset",Diminuição
